Insert into NUSANGUSER.LOCATION (LOCATIONNO,NAME1,NAME2,NAME3,LONGTITUDE,LATITUDE,TABLETYPE) values (1,'서울','강남구','역삼동',127.03306536185,37.4953666908089,'user');
Insert into NUSANGUSER.LOCATION (LOCATIONNO,NAME1,NAME2,NAME3,LONGTITUDE,LATITUDE,TABLETYPE) values (2,'경기','안산시','상록구',126.866154804189,37.3102980036071,'user');
Insert into NUSANGUSER.LOCATION (LOCATIONNO,NAME1,NAME2,NAME3,LONGTITUDE,LATITUDE,TABLETYPE) values (3,'서울','강남구','역삼동',127.03306536185,37.4953666908089,'user');
Insert into NUSANGUSER.LOCATION (LOCATIONNO,NAME1,NAME2,NAME3,LONGTITUDE,LATITUDE,TABLETYPE) values (4,'서울','강남구','역삼동',127.03306536185,37.4953666908089,'user');
Insert into NUSANGUSER.LOCATION (LOCATIONNO,NAME1,NAME2,NAME3,LONGTITUDE,LATITUDE,TABLETYPE) values (5,'경기','수원시','권선구',127.008053643212,37.262117386159,'user');
Insert into NUSANGUSER.LOCATION (LOCATIONNO,NAME1,NAME2,NAME3,LONGTITUDE,LATITUDE,TABLETYPE) values (6,'경기','안산시','상록구',126.851055922583,37.2971248482643,'user');
Insert into NUSANGUSER.LOCATION (LOCATIONNO,NAME1,NAME2,NAME3,LONGTITUDE,LATITUDE,TABLETYPE) values (7,'서울','강남구','청담동',127.049233039691,37.5250293348774,'user');
Insert into NUSANGUSER.LOCATION (LOCATIONNO,NAME1,NAME2,NAME3,LONGTITUDE,LATITUDE,TABLETYPE) values (8,'경기','안산시','상록구',126.86251864267497,37.291963162732564,'POST');
Insert into NUSANGUSER.LOCATION (LOCATIONNO,NAME1,NAME2,NAME3,LONGTITUDE,LATITUDE,TABLETYPE) values (9,'경기','안산시','상록구',126.864590815243,37.2891939602882,'POST');
Insert into NUSANGUSER.LOCATION (LOCATIONNO,NAME1,NAME2,NAME3,LONGTITUDE,LATITUDE,TABLETYPE) values (10,'서울','성동구','성수동2가',127.05460536316988,37.53886454862268,'POST');
Insert into NUSANGUSER.LOCATION (LOCATIONNO,NAME1,NAME2,NAME3,LONGTITUDE,LATITUDE,TABLETYPE) values (11,'서울','구로구','오류동',126.84473931246205,37.494535874749914,'POST');
Insert into NUSANGUSER.LOCATION (LOCATIONNO,NAME1,NAME2,NAME3,LONGTITUDE,LATITUDE,TABLETYPE) values (12,'서울','성동구','성수동1가',127.0447971185125,37.541724846316114,'POST');
Insert into NUSANGUSER.LOCATION (LOCATIONNO,NAME1,NAME2,NAME3,LONGTITUDE,LATITUDE,TABLETYPE) values (13,'경기','안산시','상록구',126.86771526560575,37.29012195797114,'POST');
Insert into NUSANGUSER.LOCATION (LOCATIONNO,NAME1,NAME2,NAME3,LONGTITUDE,LATITUDE,TABLETYPE) values (14,'경기','안산시','상록구',126.86745591601826,37.290103647087875,'POST');
Insert into NUSANGUSER.LOCATION (LOCATIONNO,NAME1,NAME2,NAME3,LONGTITUDE,LATITUDE,TABLETYPE) values (15,'서울','구로구','온수동',126.82325910401595,37.49231624749165,'POST');
Insert into NUSANGUSER.LOCATION (LOCATIONNO,NAME1,NAME2,NAME3,LONGTITUDE,LATITUDE,TABLETYPE) values (16,'서울','구로구','온수동',126.82337158743094,37.49256869744045,'POST');
Insert into NUSANGUSER.LOCATION (LOCATIONNO,NAME1,NAME2,NAME3,LONGTITUDE,LATITUDE,TABLETYPE) values (17,'경기','안산시','상록구',126.86225622019128,37.29672033216497,'POST');
Insert into NUSANGUSER.LOCATION (LOCATIONNO,NAME1,NAME2,NAME3,LONGTITUDE,LATITUDE,TABLETYPE) values (18,'경기','안산시','상록구',126.86234648043714,37.29670241644494,'POST');
Insert into NUSANGUSER.LOCATION (LOCATIONNO,NAME1,NAME2,NAME3,LONGTITUDE,LATITUDE,TABLETYPE) values (19,'서울','성동구','성수동1가',127.043351028535,37.5417253860377,'POST');
Insert into NUSANGUSER.LOCATION (LOCATIONNO,NAME1,NAME2,NAME3,LONGTITUDE,LATITUDE,TABLETYPE) values (20,'서울','강남구','역삼동',127.03306536185,37.4953666908089,'POST');
Insert into NUSANGUSER.LOCATION (LOCATIONNO,NAME1,NAME2,NAME3,LONGTITUDE,LATITUDE,TABLETYPE) values (21,'서울','강남구','역삼동',127.03306536185,37.4953666908089,'POST');
Insert into NUSANGUSER.LOCATION (LOCATIONNO,NAME1,NAME2,NAME3,LONGTITUDE,LATITUDE,TABLETYPE) values (22,'서울','강남구','역삼동',127.03306536185,37.4953666908089,'POST');
Insert into NUSANGUSER.LOCATION (LOCATIONNO,NAME1,NAME2,NAME3,LONGTITUDE,LATITUDE,TABLETYPE) values (23,'서울','강남구','역삼동',127.03306536185,37.4953666908089,'POST');

Insert into NUSANGUSER.NUSER (USERNO,USERID,USERNAME,PASSWORD,ROLE,LOGINTYPE,EMAIL,REGDATE,LOCATIONNO,VIEW_DISTANCE,NICKNAME) values (1,'sp91lsu@nate.com_42355716','이성웅','Nusang','ROLE_USER','NAVER','sp91lsu@nate.com',to_date('20/10/27','RR/MM/DD'),4,5,'네이버웅');
Insert into NUSANGUSER.NUSER (USERNO,USERID,USERNAME,PASSWORD,ROLE,LOGINTYPE,EMAIL,REGDATE,LOCATIONNO,VIEW_DISTANCE,NICKNAME) values (2,'thinker91','이성웅','thinker91','ROLE_USER','NORMAL','thinker@naver.com',to_date('20/10/27','RR/MM/DD'),1,5,'띵커');
Insert into NUSANGUSER.NUSER (USERNO,USERID,USERNAME,PASSWORD,ROLE,LOGINTYPE,EMAIL,REGDATE,LOCATIONNO,VIEW_DISTANCE,NICKNAME) values (3,'lsw6','이성웅','lsw666','ROLE_USER','NORMAL','lsw6@gmail.com',to_date('20/10/27','RR/MM/DD'),1,5,'웅육이');
Insert into NUSANGUSER.NUSER (USERNO,USERID,USERNAME,PASSWORD,ROLE,LOGINTYPE,EMAIL,REGDATE,LOCATIONNO,VIEW_DISTANCE,NICKNAME) values (4,'lsw1','이성웅','lsw111','ROLE_USER','NORMAL','lsw1@nate.com',to_date('20/10/27','RR/MM/DD'),3,5,'웅일이');
Insert into NUSANGUSER.NUSER (USERNO,USERID,USERNAME,PASSWORD,ROLE,LOGINTYPE,EMAIL,REGDATE,LOCATIONNO,VIEW_DISTANCE,NICKNAME) values (5,'lsw2','이성웅','lsw222','ROLE_USER','NORMAL','lsw2@nate.com',to_date('20/10/27','RR/MM/DD'),4,5,'웅이');
Insert into NUSANGUSER.NUSER (USERNO,USERID,USERNAME,PASSWORD,ROLE,LOGINTYPE,EMAIL,REGDATE,LOCATIONNO,VIEW_DISTANCE,NICKNAME) values (6,'lsw5','이성웅','lsw555','ROLE_USER','NORMAL','lsw5@naver.com',to_date('20/10/27','RR/MM/DD'),3,5,'웅오');
Insert into NUSANGUSER.NUSER (USERNO,USERID,USERNAME,PASSWORD,ROLE,LOGINTYPE,EMAIL,REGDATE,LOCATIONNO,VIEW_DISTANCE,NICKNAME) values (7,'lsw3','이성웅','lsw333','ROLE_USER','NORMAL','lsw3@nate.com',to_date('20/10/27','RR/MM/DD'),1,5,'웅삼이');
Insert into NUSANGUSER.NUSER (USERNO,USERID,USERNAME,PASSWORD,ROLE,LOGINTYPE,EMAIL,REGDATE,LOCATIONNO,VIEW_DISTANCE,NICKNAME) values (21,'qwer1234','하이','qwer1234!','ROLE_USER','NORMAL','qwer1234@naver.com',to_date('20/11/02','RR/MM/DD'),null,5,'하이');

Insert into NUSANGUSER.POST_PICTURE (P_1,P_2,P_3,P_4,P_5,POST_PICNO) values (null,null,null,null,null,1);
Insert into NUSANGUSER.POST_PICTURE (P_1,P_2,P_3,P_4,P_5,POST_PICNO) values (null,null,null,null,null,2);
Insert into NUSANGUSER.POST_PICTURE (P_1,P_2,P_3,P_4,P_5,POST_PICNO) values (null,null,null,null,null,3);
Insert into NUSANGUSER.POST_PICTURE (P_1,P_2,P_3,P_4,P_5,POST_PICNO) values (null,null,null,null,null,4);
Insert into NUSANGUSER.POST_PICTURE (P_1,P_2,P_3,P_4,P_5,POST_PICNO) values (null,null,null,null,null,5);
Insert into NUSANGUSER.POST_PICTURE (P_1,P_2,P_3,P_4,P_5,POST_PICNO) values (null,null,null,null,null,6);

DROP TRIGGER TRI_SELLPOST_POSTNO;
Insert into NUSANGUSER.SELLPOST (POSTNO,PICTURE,TITLE,BODYTEXT,PRICE,PRODUCTNAME,USERNO,REGDATE,CATEGORY,SELLSTATE,VIEWCNT,VISIBLE,LOCATIONNO,POST_PICNO,HEARTCNT) values (6,null,'뿌잉뿌잉2','인상10',1800,'뿌셔뿌셔',4,to_date('20/11/01','RR/MM/DD'),'생활/가공식품',0,3,1,20,3,0);
Insert into NUSANGUSER.SELLPOST (POSTNO,PICTURE,TITLE,BODYTEXT,PRICE,PRODUCTNAME,USERNO,REGDATE,CATEGORY,SELLSTATE,VIEWCNT,VISIBLE,LOCATIONNO,POST_PICNO,HEARTCNT) values (7,null,'뿌잉뿌잉2','응',1200,'뿌셔뿌셔10',4,to_date('20/11/01','RR/MM/DD'),'생활/가공식품',0,3,1,20,3,0);
Insert into NUSANGUSER.SELLPOST (POSTNO,PICTURE,TITLE,BODYTEXT,PRICE,PRODUCTNAME,USERNO,REGDATE,CATEGORY,SELLSTATE,VIEWCNT,VISIBLE,LOCATIONNO,POST_PICNO,HEARTCNT) values (1,null,'뿌잉뿌잉','쌉니다 맛있어요 불고기맛',500,'뿌셔뿌셔',4,to_date('20/11/01','RR/MM/DD'),'생활/가공식품',0,0,1,19,2,1);
Insert into NUSANGUSER.SELLPOST (POSTNO,PICTURE,TITLE,BODYTEXT,PRICE,PRODUCTNAME,USERNO,REGDATE,CATEGORY,SELLSTATE,VIEWCNT,VISIBLE,LOCATIONNO,POST_PICNO,HEARTCNT) values (2,null,'뿌잉뿌잉2','10자0원인상',600,'뿌셔뿌셔',4,to_date('20/11/01','RR/MM/DD'),'생활/가공식품',0,1,1,20,3,1);
Insert into NUSANGUSER.SELLPOST (POSTNO,PICTURE,TITLE,BODYTEXT,PRICE,PRODUCTNAME,USERNO,REGDATE,CATEGORY,SELLSTATE,VIEWCNT,VISIBLE,LOCATIONNO,POST_PICNO,HEARTCNT) values (3,null,'LG전자레인지','10만원',100000,'전자레인지',4,to_date('20/11/01','RR/MM/DD'),'디지털/가전',0,1,1,21,4,5);
Insert into NUSANGUSER.SELLPOST (POSTNO,PICTURE,TITLE,BODYTEXT,PRICE,PRODUCTNAME,USERNO,REGDATE,CATEGORY,SELLSTATE,VIEWCNT,VISIBLE,LOCATIONNO,POST_PICNO,HEARTCNT) values (4,null,'삼성 노트북 15.6인치','삼성 노트북 15.6인치 울트라 슬림',1200000,'노트북',4,to_date('20/11/01','RR/MM/DD'),'디지털/가전',0,2,1,22,5,3);
Insert into NUSANGUSER.SELLPOST (POSTNO,PICTURE,TITLE,BODYTEXT,PRICE,PRODUCTNAME,USERNO,REGDATE,CATEGORY,SELLSTATE,VIEWCNT,VISIBLE,LOCATIONNO,POST_PICNO,HEARTCNT) values (5,null,'ㅎ210ㅎ2','테스트',123456,'테스트',4,to_date('20/11/01','RR/MM/DD'),'가구/인테리어',0,2,1,23,6,0);
CREATE OR REPLACE TRIGGER TRI_SELLPOST_POSTNO BEFORE INSERT ON SELLPOST
FOR EACH ROW
BEGIN
	SELECT SEQ_SELLPOST_POSTNO.nextval
	INTO :new.POSTNO
	FROM dual;
END;

Insert into NUSANGUSER.PAYMENT_MARKET (PH_MARKETNO,PAYMENTTYPE,STATE,NAME,USERNO,REGDATE,IMP_UID,PRICE,postno) values (1,'card',1,'게시글 등록 ',4,to_date('20/11/01','RR/MM/DD'),'uiduid',123123,4);
Insert into NUSANGUSER.PAYMENT_MARKET (PH_MARKETNO,PAYMENTTYPE,STATE,NAME,USERNO,REGDATE,IMP_UID,PRICE,postno) values (2,'card',1,'게시글 등록 ',4,to_date('20/11/01','RR/MM/DD'),'uiduid',123123,4);
Insert into NUSANGUSER.PAYMENT_MARKET (PH_MARKETNO,PAYMENTTYPE,STATE,NAME,USERNO,REGDATE,IMP_UID,PRICE,postno) values (3,'card',1,'게시글 등록 ',4,to_date('20/11/01','RR/MM/DD'),'uiduid',123123,4);
Insert into NUSANGUSER.PAYMENT_MARKET (PH_MARKETNO,PAYMENTTYPE,STATE,NAME,USERNO,REGDATE,IMP_UID,PRICE,postno) values (4,'card',1,'게시글 등록 ',4,to_date('20/11/01','RR/MM/DD'),'uiduid',123123,4);
Insert into NUSANGUSER.PAYMENT_MARKET (PH_MARKETNO,PAYMENTTYPE,STATE,NAME,USERNO,REGDATE,IMP_UID,PRICE,postno) values (5,'card',1,'게시글 등록 ',4,to_date('20/11/01','RR/MM/DD'),'uiduid',123123,4);

Insert into NUSANGUSER.WATCHLIST (USERNO,POSTNO,WATCHLISTNO,REGDATE) values (3,3,21,to_date('20/11/02','RR/MM/DD'));
Insert into NUSANGUSER.WATCHLIST (USERNO,POSTNO,WATCHLISTNO,REGDATE) values (1,3,4,to_date('20/11/02','RR/MM/DD'));
Insert into NUSANGUSER.WATCHLIST (USERNO,POSTNO,WATCHLISTNO,REGDATE) values (2,3,5,to_date('20/11/02','RR/MM/DD'));
Insert into NUSANGUSER.WATCHLIST (USERNO,POSTNO,WATCHLISTNO,REGDATE) values (1,4,6,to_date('20/11/02','RR/MM/DD'));
Insert into NUSANGUSER.WATCHLIST (USERNO,POSTNO,WATCHLISTNO,REGDATE) values (1,2,7,to_date('20/11/02','RR/MM/DD'));
Insert into NUSANGUSER.WATCHLIST (USERNO,POSTNO,WATCHLISTNO,REGDATE) values (3,4,8,to_date('20/11/02','RR/MM/DD'));
Insert into NUSANGUSER.WATCHLIST (USERNO,POSTNO,WATCHLISTNO,REGDATE) values (5,1,9,to_date('20/11/02','RR/MM/DD'));
Insert into NUSANGUSER.WATCHLIST (USERNO,POSTNO,WATCHLISTNO,REGDATE) values (5,3,1,to_date('20/11/02','RR/MM/DD'));
Insert into NUSANGUSER.WATCHLIST (USERNO,POSTNO,WATCHLISTNO,REGDATE) values (7,3,2,to_date('20/11/02','RR/MM/DD'));
Insert into NUSANGUSER.WATCHLIST (USERNO,POSTNO,WATCHLISTNO,REGDATE) values (7,4,3,to_date('20/11/02','RR/MM/DD'));
