Insert into NUSANGUSER.LOCATION (LOCATIONNO,NAME1,NAME2,NAME3,LONGTITUDE,LATITUDE,TABLETYPE) values (1,'경기','안산시','상록구',126.864590815243,37.2891939602882,'user');
Insert into NUSANGUSER.LOCATION (LOCATIONNO,NAME1,NAME2,NAME3,LONGTITUDE,LATITUDE,TABLETYPE) values (2,'경기','안산시','상록구',126.866154804189,37.3102980036071,'user');
Insert into NUSANGUSER.LOCATION (LOCATIONNO,NAME1,NAME2,NAME3,LONGTITUDE,LATITUDE,TABLETYPE) values (3,'서울','성동구','성수동1가',127.043351028535,37.5417253860377,'user');
Insert into NUSANGUSER.LOCATION (LOCATIONNO,NAME1,NAME2,NAME3,LONGTITUDE,LATITUDE,TABLETYPE) values (4,'서울','구로구','오류동',126.835492478188,37.4889461307052,'user');
Insert into NUSANGUSER.LOCATION (LOCATIONNO,NAME1,NAME2,NAME3,LONGTITUDE,LATITUDE,TABLETYPE) values (5,'경기','수원시','권선구',127.008053643212,37.262117386159,'user');
Insert into NUSANGUSER.LOCATION (LOCATIONNO,NAME1,NAME2,NAME3,LONGTITUDE,LATITUDE,TABLETYPE) values (6,'경기','안산시','상록구',126.851055922583,37.2971248482643,'user');
Insert into NUSANGUSER.LOCATION (LOCATIONNO,NAME1,NAME2,NAME3,LONGTITUDE,LATITUDE,TABLETYPE) values (7,'서울','강남구','청담동',127.049233039691,37.5250293348774,'user');
Insert into NUSANGUSER.LOCATION (LOCATIONNO,NAME1,NAME2,NAME3,LONGTITUDE,LATITUDE,TABLETYPE) values (8,'경기','안산시','상록구',126.86251864267497,37.291963162732564,'POST');
Insert into NUSANGUSER.LOCATION (LOCATIONNO,NAME1,NAME2,NAME3,LONGTITUDE,LATITUDE,TABLETYPE) values (9,'경기','안산시','상록구',126.864590815243,37.2891939602882,'POST');
Insert into NUSANGUSER.LOCATION (LOCATIONNO,NAME1,NAME2,NAME3,LONGTITUDE,LATITUDE,TABLETYPE) values (10,'서울','성동구','성수동2가',127.05460536316988,37.53886454862268,'POST');
Insert into NUSANGUSER.LOCATION (LOCATIONNO,NAME1,NAME2,NAME3,LONGTITUDE,LATITUDE,TABLETYPE) values (11,'서울','구로구','오류동',126.84473931246205,37.494535874749914,'POST');
Insert into NUSANGUSER.LOCATION (LOCATIONNO,NAME1,NAME2,NAME3,LONGTITUDE,LATITUDE,TABLETYPE) values (12,'서울','성동구','성수동1가',127.0447971185125,37.541724846316114,'POST');
Insert into NUSANGUSER.LOCATION (LOCATIONNO,NAME1,NAME2,NAME3,LONGTITUDE,LATITUDE,TABLETYPE) values (13,'경기','안산시','상록구',126.86771526560575,37.29012195797114,'POST');
Insert into NUSANGUSER.LOCATION (LOCATIONNO,NAME1,NAME2,NAME3,LONGTITUDE,LATITUDE,TABLETYPE) values (14,'경기','안산시','상록구',126.86745591601826,37.290103647087875,'POST');
Insert into NUSANGUSER.LOCATION (LOCATIONNO,NAME1,NAME2,NAME3,LONGTITUDE,LATITUDE,TABLETYPE) values (15,'서울','구로구','온수동',126.82325910401595,37.49231624749165,'POST');
Insert into NUSANGUSER.LOCATION (LOCATIONNO,NAME1,NAME2,NAME3,LONGTITUDE,LATITUDE,TABLETYPE) values (16,'서울','구로구','온수동',126.82337158743094,37.49256869744045,'POST');
Insert into NUSANGUSER.LOCATION (LOCATIONNO,NAME1,NAME2,NAME3,LONGTITUDE,LATITUDE,TABLETYPE) values (17,'경기','안산시','상록구',126.86225622019128,37.29672033216497,'POST');
Insert into NUSANGUSER.LOCATION (LOCATIONNO,NAME1,NAME2,NAME3,LONGTITUDE,LATITUDE,TABLETYPE) values (18,'경기','안산시','상록구',126.86234648043714,37.29670241644494,'POST');



Insert into NUSANGUSER.NUSER (USERNO,USERID,USERNAME,PASSWORD,ROLE,LOGINTYPE,EMAIL,REGDATE,PICTURE,LOCATIONNO,VIEW_DISTANCE) values (1,'sp91lsu@nate.com_42355716','이성웅','Nusang','ROLE_USER','NAVER','sp91lsu@nate.com',to_date('20/10/27','RR/MM/DD'),null,4,5);
Insert into NUSANGUSER.NUSER (USERNO,USERID,USERNAME,PASSWORD,ROLE,LOGINTYPE,EMAIL,REGDATE,PICTURE,LOCATIONNO,VIEW_DISTANCE) values (2,'thinker91','띵커','thinker91','ROLE_USER','NORMAL','thinker@naver.com',to_date('20/10/27','RR/MM/DD'),null,1,5);
Insert into NUSANGUSER.NUSER (USERNO,USERID,USERNAME,PASSWORD,ROLE,LOGINTYPE,EMAIL,REGDATE,PICTURE,LOCATIONNO,VIEW_DISTANCE) values (3,'lsw6','웅육이','lsw666','ROLE_USER','NORMAL','lsw6@gmail.com',to_date('20/10/27','RR/MM/DD'),null,1,5);
Insert into NUSANGUSER.NUSER (USERNO,USERID,USERNAME,PASSWORD,ROLE,LOGINTYPE,EMAIL,REGDATE,PICTURE,LOCATIONNO,VIEW_DISTANCE) values (4,'lsw1','웅일이','lsw111','ROLE_USER','NORMAL','lsw1@nate.com',to_date('20/10/27','RR/MM/DD'),null,3,5);
Insert into NUSANGUSER.NUSER (USERNO,USERID,USERNAME,PASSWORD,ROLE,LOGINTYPE,EMAIL,REGDATE,PICTURE,LOCATIONNO,VIEW_DISTANCE) values (5,'lsw2','웅이','lsw222','ROLE_USER','NORMAL','lsw2@nate.com',to_date('20/10/27','RR/MM/DD'),null,4,5);
Insert into NUSANGUSER.NUSER (USERNO,USERID,USERNAME,PASSWORD,ROLE,LOGINTYPE,EMAIL,REGDATE,PICTURE,LOCATIONNO,VIEW_DISTANCE) values (6,'lsw5','웅오','lsw555','ROLE_USER','NORMAL','lsw5@naver.com',to_date('20/10/27','RR/MM/DD'),null,3,5);
Insert into NUSANGUSER.NUSER (USERNO,USERID,USERNAME,PASSWORD,ROLE,LOGINTYPE,EMAIL,REGDATE,PICTURE,LOCATIONNO,VIEW_DISTANCE) values (7,'lsw3','웅삼이','lsw333','ROLE_USER','NORMAL','lsw3@nate.com',to_date('20/10/27','RR/MM/DD'),null,1,5);



DROP TRIGGER TRI_SELLPOST_POSTNO;
Insert into NUSANGUSER.SELLPOST (POSTNO,PICTURE,TITLE,BODYTEXT,PRICE,PRODUCTNAME,USERNO,REGDATE,CATEGORY,SELLSTATE,VIEWCNT,VISIBLE,LOCATIONNO) values (6,null,'도깨비나라 동화책 세트 팔아요','얼마 안봐서 새것처럼 깨끗해요
반월공원 버스정류장에서 만나요','59000','동화책 세트',5,to_date('20/10/27','RR/MM/DD'),'유아동/유아도서',null,0,1,13);
Insert into NUSANGUSER.SELLPOST (POSTNO,PICTURE,TITLE,BODYTEXT,PRICE,PRODUCTNAME,USERNO,REGDATE,CATEGORY,SELLSTATE,VIEWCNT,VISIBLE,LOCATIONNO) values (10,null,'울트라 5G 공유기','군대가요 처분처분
롯데마트 상록점 정문','15000','공유기',3,to_date('20/10/27','RR/MM/DD'),'디지털/가전',null,0,1,17);
Insert into NUSANGUSER.SELLPOST (POSTNO,PICTURE,TITLE,BODYTEXT,PRICE,PRODUCTNAME,USERNO,REGDATE,CATEGORY,SELLSTATE,VIEWCNT,VISIBLE,LOCATIONNO) values (1,null,'튼튼한 책상','튼튼한 책상 팔아요','3000','책상',6,to_date('20/10/27','RR/MM/DD'),'가구/인테리어',null,0,1,8);
Insert into NUSANGUSER.SELLPOST (POSTNO,PICTURE,TITLE,BODYTEXT,PRICE,PRODUCTNAME,USERNO,REGDATE,CATEGORY,SELLSTATE,VIEWCNT,VISIBLE,LOCATIONNO) values (7,null,'삼성 40인치 TV 35만원','삼성 OLED 초고화질 40인치
반월공원 버스정류장 앞이요','350000','삼성 40인치 TV',5,to_date('20/10/27','RR/MM/DD'),'디지털/가전',null,0,1,14);
Insert into NUSANGUSER.SELLPOST (POSTNO,PICTURE,TITLE,BODYTEXT,PRICE,PRODUCTNAME,USERNO,REGDATE,CATEGORY,SELLSTATE,VIEWCNT,VISIBLE,LOCATIONNO) values (11,null,'고급 게이밍 의자','푹신푹신하고 높이조절 잘되는 의자 급처분합니다
롯데마트 상록점 정문 앞','45000','의자',3,to_date('20/10/27','RR/MM/DD'),'가구/인테리어',null,0,1,18);
Insert into NUSANGUSER.SELLPOST (POSTNO,PICTURE,TITLE,BODYTEXT,PRICE,PRODUCTNAME,USERNO,REGDATE,CATEGORY,SELLSTATE,VIEWCNT,VISIBLE,LOCATIONNO) values (2,null,'박성훈바보','주머니에 넣고 다니고 싶은 남자>.<
품절임박!!!
청소 빨래 잘해요','1','박성훈',6,to_date('20/10/27','RR/MM/DD'),'기타 중고물품',null,0,1,9);
Insert into NUSANGUSER.SELLPOST (POSTNO,PICTURE,TITLE,BODYTEXT,PRICE,PRODUCTNAME,USERNO,REGDATE,CATEGORY,SELLSTATE,VIEWCNT,VISIBLE,LOCATIONNO) values (5,null,'최첨단 전자레인지','다 됩니다
서울숲역 인근 메가박스 거래해요','480000','전자레인지',4,to_date('20/10/27','RR/MM/DD'),'디지털/가전',null,0,1,12);
Insert into NUSANGUSER.SELLPOST (POSTNO,PICTURE,TITLE,BODYTEXT,PRICE,PRODUCTNAME,USERNO,REGDATE,CATEGORY,SELLSTATE,VIEWCNT,VISIBLE,LOCATIONNO) values (3,null,'커어튼','검은색 커튼 팔아요
뚝도시장 앞에서 만나요','7000','커튼',1,to_date('20/10/27','RR/MM/DD'),'가구/인테리어',null,0,1,10);
Insert into NUSANGUSER.SELLPOST (POSTNO,PICTURE,TITLE,BODYTEXT,PRICE,PRODUCTNAME,USERNO,REGDATE,CATEGORY,SELLSTATE,VIEWCNT,VISIBLE,LOCATIONNO) values (8,null,'버즈 스피커','고음질 짱짱 스피커
온수역 1번출구','11000','스피커',6,to_date('20/10/27','RR/MM/DD'),'디지털/가전',null,0,1,15);
Insert into NUSANGUSER.SELLPOST (POSTNO,PICTURE,TITLE,BODYTEXT,PRICE,PRODUCTNAME,USERNO,REGDATE,CATEGORY,SELLSTATE,VIEWCNT,VISIBLE,LOCATIONNO) values (4,null,'신상 기계식 키보드입니다','로지텍 적축 게이밍 키보드입니다 
오류동역 거래 희망합니다','35000','기계식 키보드',2,to_date('20/10/27','RR/MM/DD'),'디지털/가전',null,0,1,11);
Insert into NUSANGUSER.SELLPOST (POSTNO,PICTURE,TITLE,BODYTEXT,PRICE,PRODUCTNAME,USERNO,REGDATE,CATEGORY,SELLSTATE,VIEWCNT,VISIBLE,LOCATIONNO) values (9,null,'자취생필수템 미니냉장고','5만원에 급처분합니다 잘돌아가요
온수역 1번출구','50000','미니냉장고',6,to_date('20/10/27','RR/MM/DD'),'디지털/가전',null,0,1,16);
CREATE OR REPLACE TRIGGER TRI_SELLPOST_POSTNO BEFORE INSERT ON SELLPOST
FOR EACH ROW
BEGIN
	SELECT SEQ_SELLPOST_POSTNO.nextval
	INTO :new.POSTNO
	FROM dual;
END;